Model,AP,ST,CO,BS,CA,PVC
Llama 3.1 70B Instruct,4.75,5,5.5,6,3.75,3.508
Claude Sonnet 4.6,4.5,4.5,6,5.75,3.75,2.208
Qwen3.6-72B Instruct,4.5,4.75,5.5,5.75,3.5,1.511
Gemini 2.5 Flash,4.5,4.75,6.5,6.5,3.25,0.281
Gemini 2.5 Pro,4.25,4.75,6.75,6.5,3.5,-0.398
GPT-4.1 mini,4.25,5.5,5.75,6.5,3.5,-0.579
GPT-4.1,4.5,5.25,6.25,6,3.5,-1.049
DeepSeek-V3.2,4,5,6,5.5,3.75,-2.287
GPT-4o,4.25,5.25,5.5,5.75,3,-3.198
